<component name="ProjectRunConfigurationManager">
  <configuration default="false" name="E2eApplication" type="SpringBootApplicationConfigurationType" factoryName="Spring Boot" nameIsGenerated="true">
    <option name="envFilePaths">
      <option value="$PROJECT_DIR$/.env.local" />
    </option>
    <module name="e2e" />
    <selectedOptions>
      <option name="environmentVariables" />
    </selectedOptions>
    <option name="SPRING_BOOT_MAIN_CLASS" value="org.e2e.E2eApplication" />
    <method v="2">
      <option name="Make" enabled="true" />
    </method>
  </configuration>
</component>